{
	"schemaVersion": 1,
	"id": "runeorecraft",
	"version": "${version}",
	"name": "RuneOreCraft",
	"description": "This is an example description! Tell everyone what your mod is about!",
	"authors": [
		"Me!"
	],
	"contact": {
		"homepage": "https://fabricmc.net/",
		"sources": "https://github.com/FabricMC/fabric-example-mod"
	},
	"license": "CC0-1.0",
	"icon": "assets/runeorecraft/icon.png",
	"environment": "*",
	"entrypoints": {
		"main": [
			"haru.runeore.RuneOreCraft"
		],
		"fabric-datagen": [
			"haru.runeore.RuneOreCraftDataGenerator"
		]
	},
	"mixins": [
		"runeorecraft.mixins.json"
	],
	"depends": {
		"fabricloader": ">=0.16.10",
		"minecraft": "~1.21.5",
		"java": ">=21",
		"fabric-api": "*"
	},
	"suggests": {
		"another-mod": "*"
	}
}